{
    "time_cost": {
        "OP-Time": 0.7517807483673096,
        "OR-Time": 0.019262075424194336
    }
}