{
    "time_cost": {
        "OP-Time": 0.7285540103912354,
        "OR-Time": 0.015258073806762695
    }
}