{
    "time_cost": {
        "OP-Time": 0.7492380142211914,
        "OR-Time": 0.026047945022583008
    }
}