{
    "time_cost": {
        "OP-Time": 0.7925338745117188,
        "OR-Time": 0.02274012565612793
    }
}